TX_ID,TIME,PROPOSITION,RESULT_FLOAT,RESULT_SEIENTIFIC,OUT_TIME
20,,7900 / 90,87.7778,8.77778 x 10^1,17:09:16.842
20,,7900 / 90,87.7778,8.77778 x 10^1,17:09:35.454
