TX_ID,TIME,PROPOSITION,RESULT_FLOAT,RESULT_SEIENTIFIC,OUT_TIME
20,09:11:21.790,7900 / 90,87.7778,8.77778 x 10^1,09:11:21.790
20,09:37:41303,7900 / 90,87.7778,8.77778 x 10^1,09:37:41.305
20,09:39:02.839,7900 / 90,87.7778,8.77778 x 10^1,09:39:02.842
